-7.149702186770713619e-02,-1.494006093186220629e-01,9.167413494532973273e-01,2.715627848674483369e-01,-7.404537159796984458e-01
-1.168295532086909838e-01,8.073875082832934202e-01,1.366908832392679018e+00,-9.483727780163020427e-01,-1.753440121608862201e+00
-6.962790745090404743e-01,1.022487796717909125e+00,8.994755398333470486e-01,-1.174961253434314346e+00,-1.317722125718929993e+00
-6.270187549406629479e-01,1.029467896440499519e+00,9.903733438349238138e-01,-8.492240085182171105e-01,-2.371875363953896976e+00
-4.173269889042270364e-01,1.044040119392913635e+00,7.552619967142010227e-01,-1.016969851266919855e+00,-2.199274216557859596e+00
-3.349700781144894224e-01,-3.657808591307649126e-01,4.053431890467214527e-01,-1.492941615720797532e+00,-1.612864155237117902e+00
-1.284153983438577062e-01,1.016195572693249449e+00,5.657821698487172091e-01,-2.495695928116770657e-01,-2.232837269530536073e+00
-1.487226578060781013e-02,-9.963489938765789089e-02,7.084118033700230743e-01,-1.425380197672026394e+00,-2.223114732025222029e+00
-2.781951845836393433e-01,6.010351226387097290e-01,1.842552106431843306e+00,-1.233150290850980824e+00,-7.407141683695304124e-01
-1.221226023642967062e+00,2.739628526623394955e-01,1.281582490561428145e+00,-8.687662894076603193e-01,-1.544025204706325649e+00
-1.878882040960367261e+00,-2.087156052684267793e-01,1.343510526659817961e+00,-1.294218703489749267e-01,-1.495311291775589302e+00
-7.007002917116113005e-01,-5.208140448928960664e-01,6.103361849884727519e-01,-3.150768359186832401e-01,-1.180306215462929131e+00
-7.319086901140960943e-01,2.079839839717493089e+00,3.761389387301076193e-01,-8.510565571023848142e-01,-9.627855768024653482e-01
0.000000000000000000e+00,0.000000000000000000e+00,0.000000000000000000e+00,0.000000000000000000e+00,0.000000000000000000e+00
-1.396158424065748527e+00,2.688116590334515554e-01,4.831685153969365043e-01,-8.220788138584494975e-01,-1.401645964506909481e+00
-1.071071416631052209e+00,2.428076708622322055e-01,1.133595484408492338e+00,-7.721733092811969845e-01,-1.356234049283302268e+00
-9.568642238194958738e-01,3.511135468897111367e-01,1.597040373193244989e+00,-1.439788556612491499e+00,-1.209977889423246689e+00
-8.583788919236119419e-01,9.620965940475972866e-01,4.564002581564189920e-01,-1.235975404344179962e+00,-1.862406347218707348e+00
-3.432148500774823141e-01,7.364960891416223454e-01,5.333678748651357049e-01,-9.924777564515065986e-01,-2.061202099151585365e+00
2.297976516210532838e-01,9.809674663353791235e-01,1.763859985882311743e-01,-9.283335427662893491e-02,-1.759195566774065300e+00
-3.974922826670683751e-01,8.829952022938184486e-01,4.835450105882911909e-01,-7.355057568589783434e-01,-2.020108160622680948e+00
-5.024132671175193243e-01,1.028212610083909379e-01,4.094263790150922122e-01,-1.130518031988972050e+00,-1.891136477849372444e+00
-7.189600445312309684e-01,3.029143944032570701e-01,8.436202446534372124e-01,-7.936094330699144939e-01,-2.086901059061430974e+00
-5.539054945830632626e-01,-7.830791672549088922e-01,9.330395371466699839e-01,-1.431594861129453333e+00,-2.066481344693549271e+00
-4.057212404434341613e-01,3.637385306171719845e-01,2.169825630466748478e-01,-8.051341207885236440e-01,-2.061449555506777553e+00
-2.767453170786846606e-01,1.610471688811332625e+00,-6.363453604538800157e-01,-1.471430292975741461e+00,-2.398061647378749051e+00
-1.422106001849303691e+00,3.468349081707477466e-01,8.486529127258671812e-01,-2.941009550556947794e-01,-1.262812693119581109e+00
-1.083971595943761246e+00,1.600520818275806834e+00,8.333910117508195325e-01,-4.651305184996394337e-01,-1.052325734260008971e+00
0.000000000000000000e+00,0.000000000000000000e+00,0.000000000000000000e+00,0.000000000000000000e+00,0.000000000000000000e+00
-6.754142538182964506e-01,7.572913437796604530e-01,1.688674726688867533e+00,-1.231657264493400517e+00,-1.115514096741092365e+00
-7.983807148503355711e-01,-6.623161218685055251e-01,1.097625744135737325e+00,-7.198216073913586976e-01,-1.649526593523350293e+00
5.968288517270345928e-01,1.573965703772512548e+00,1.809205414433861847e+00,-2.583456328229913335e-01,-1.316717511822148134e+00
5.515039685061220442e-01,-2.162014593090746672e-01,1.228274554365625937e+00,-9.801741095448853747e-01,-4.941686851603030450e-01
-7.064405310725366816e-01,5.678827789697438178e-01,6.272810909065341667e-01,-1.053315035346048756e+00,-2.131485754400127774e+00
-4.075752273269941384e-01,3.665553221451320898e-01,-3.551397869357796888e-01,3.532677962906362601e-01,-8.772763257587974373e-01
-6.846889192267026081e-01,6.630815217048576793e-01,6.615833189914649415e-01,-1.077984675741703313e+00,-2.045152113507325176e+00
-7.065077650632859418e-01,1.119539711959915751e+00,7.562088601649261665e-01,-1.049152981177552402e+00,-5.902771838637631552e-01
-4.323391037005191451e-01,3.573484510758575539e-01,1.455632213147247667e+00,-1.452056140021391162e+00,-1.269915028430684156e+00
1.048156897913476646e-02,2.903939276969071948e-01,1.013003012285688120e+00,-1.378881676245804488e+00,-2.126189834114116106e+00
-1.088029385751118738e+00,2.456557216706616309e-01,1.133126501679151854e+00,-7.332412267439516462e-01,-1.371477915688356752e+00
2.738142057783106154e-01,-9.631393136389190812e-02,8.593888378990806043e-01,-1.215491174657380213e+00,-2.382744536536712587e+00
-9.355629229717459250e-01,6.471795443227731370e-01,1.305555705005135403e+00,-1.035615239732485815e+00,-1.357846544068773031e+00
-7.210451249646205873e-01,8.280786098378921656e-01,1.051713537392138909e+00,-8.179074696137270672e-01,-1.388874717945134840e+00
5.606664053228841427e-01,1.077479033761893357e+00,5.781506848803575904e-01,-9.146090514541009853e-01,-2.006861795298121809e+00
0.000000000000000000e+00,0.000000000000000000e+00,0.000000000000000000e+00,0.000000000000000000e+00,0.000000000000000000e+00
-1.472747585466749998e+00,5.150399056466854475e-01,9.369406882917923340e-01,1.919146528782902650e-01,-6.610013567312212901e-01
-9.634720763478321626e-02,1.213548492535700074e+00,6.781921945904496596e-01,-8.363840078325668337e-01,-2.569484577659888469e+00
-1.614481455886192240e-01,4.679823586653049095e-01,1.286502130305280156e+00,-1.133011626388531257e+00,-1.654553907542791746e+00
7.795459526236157011e-01,6.575469858196012485e-01,2.243475730741710805e+00,-4.756102847526581801e-02,-1.460988758612214111e+00
-1.848793606727043570e-01,2.310954697289144544e-01,9.121540584503766702e-01,-4.854821668632109399e-01,-2.141605988282313078e+00
0.000000000000000000e+00,0.000000000000000000e+00,0.000000000000000000e+00,0.000000000000000000e+00,0.000000000000000000e+00
0.000000000000000000e+00,0.000000000000000000e+00,0.000000000000000000e+00,0.000000000000000000e+00,0.000000000000000000e+00
-9.718702187622406674e-01,1.600653627980307414e-01,1.287508463643265433e+00,-1.735682463383433349e+00,-1.033485456805328218e+00
0.000000000000000000e+00,0.000000000000000000e+00,0.000000000000000000e+00,0.000000000000000000e+00,0.000000000000000000e+00
-6.863948966385861050e-01,8.306018886166833814e-01,-1.298494190951685230e-02,-8.405343311847386367e-01,-2.457739078060511062e+00
-5.055583227978405203e-01,9.419906179651512668e-01,1.611700517172116875e-01,-1.170051719928382195e+00,-1.849983665246655029e+00
-3.356142987303205039e-01,1.119023368618447867e+00,1.222496563722462293e+00,-1.113678025622353074e+00,-1.997675947391306606e+00
-9.390675701287379828e-01,7.628358636501461065e-01,1.814823699785687250e+00,9.159701304734842175e-02,-8.409870775038699175e-01
-1.352629524306420805e+00,-9.323224517188325455e-01,1.813631951736535797e+00,-7.429344925348765338e-01,-6.882937135471656198e-01
-3.757997674769076868e-01,4.930650169508255520e-01,8.586718481312151097e-01,-7.374736622376760753e-01,-2.532868925485471934e+00
-4.013309391950901639e-01,5.499047043440871141e-01,6.258082065828991514e-01,-1.518624014666372535e+00,-1.848093683553563960e+00
-1.146267185737614547e+00,8.910077235723946887e-02,2.572460395738120909e-01,-2.288113100686267887e-01,-1.420419379591291609e+00
-1.328879540754294375e+00,-3.356950682093650107e-01,2.097900769570171242e+00,-1.382792551633524658e+00,-8.377699120054472592e-01
-2.518169092328453873e-01,-1.235785183892879752e-01,2.342049920961124521e-01,-1.639646712235551362e+00,-2.975480236141548218e+00
-9.785616293673183863e-01,2.034024539669903042e-01,6.949193142497067655e-01,2.410870281467153708e-01,-1.123839659037672023e+00
-1.095826510320083935e+00,1.026253574636593280e+00,7.618945080566799088e-01,-1.686880593277212126e-01,-1.563356130559225621e+00
-6.587592152384118549e-01,9.471145016866793220e-01,8.911678511508887013e-01,-1.345281984027933309e+00,-1.871804253599573142e+00
-2.000317352461438991e-01,8.278344113020932316e-01,1.248958481545306309e+00,-1.115326661280157783e+00,-1.098371162755617192e+00
2.151161525071261515e-01,1.300934655067077506e+00,1.346582139843786052e+00,-9.751387204829990996e-01,-2.051964742016091137e+00
-3.559489427717926202e-01,1.465044998027761114e+00,1.043734740352549206e+00,-7.000927396961718063e-01,-2.407662279280637918e+00
0.000000000000000000e+00,0.000000000000000000e+00,0.000000000000000000e+00,0.000000000000000000e+00,0.000000000000000000e+00
-4.497987881723160553e-01,4.779456253620018580e-01,1.071699515531421287e+00,-1.154580247011004479e+00,-1.126988885059384993e+00
-7.377553525339215490e-01,4.439986710248706170e-01,8.261280246240966241e-01,-1.242219261989604417e+00,-1.958942051918769911e+00
-1.050125608669363365e-02,7.595786399066761785e-01,8.774013071863493440e-01,-5.089002735633878505e-01,-2.602007169013542676e+00
-3.059497622494380953e-01,6.885002638136843156e-02,9.854830677357795388e-01,-5.147969180439319059e-01,-2.244633834937918682e+00
2.962390275949290386e-01,1.911362626227686379e+00,1.731293056104262762e-01,-1.011470184373208125e+00,-7.523626236823072189e-01
-5.320406596987133918e-01,5.638171214827768507e-01,2.244698198105593567e-01,-6.980199196039558185e-01,-2.032601364548125122e+00
-1.155260978595603172e+00,-1.135455894705832192e+00,2.044429960876371410e+00,-6.624412572176463510e-01,-1.403415946278289361e+00
5.772200642908870832e-02,1.323227919678972686e+00,3.560068443153837636e-01,4.702871672644676204e-01,-1.342793338717176432e+00
-1.384919421847792487e+00,7.618682484419020406e-01,9.758434376120142528e-02,-1.106123226775516777e+00,-2.132871497763929813e+00
-5.030123109397990344e-01,3.860433309262620294e-01,2.953916130731391587e-01,-1.402582178607156005e-01,-1.983684225212570373e+00
-8.198438933620881830e-01,7.634823006344344520e-01,8.849237313420693640e-01,-1.140391257803625935e+00,-2.048216958305206781e+00
-8.312230461504509504e-01,-4.826515272030688086e-01,9.334047319973637347e-01,-7.989837141574757107e-01,-2.492992106425381493e+00
-4.982820418330858314e-01,6.234293991312837013e-01,1.138257920804963463e+00,-7.755952414075795165e-01,-1.483462352287364672e+00
4.442778159710714103e-01,1.432298447015084852e-01,9.607645840355744093e-01,-1.662788904894044517e+00,-1.815371585166376533e+00
-6.175843088873155251e-01,1.932976855690233531e-01,5.854552985453499447e-01,-1.027629293424028534e+00,-2.151110523735543900e+00
-7.597434667169723488e-01,5.836770731102992604e-01,9.138034528077328966e-01,-1.443930647961728875e+00,-1.364957808296914266e+00
-1.018836021382861778e+00,1.206512133732122738e-01,9.886059549077631514e-01,-2.777631113389359974e-01,-1.749780885451686308e+00
-7.471231012931068838e-01,1.337115593291705373e+00,1.572482975146986872e+00,-9.453037370533069472e-01,-1.489593113326770579e+00
2.732882241213850927e-01,2.028223929560758476e-01,1.161734677659215453e+00,-1.107961332024778311e+00,-2.185347083443847538e+00
-3.454331655829968595e-01,6.637969695299044126e-01,1.149069375539708115e+00,-1.548366630175532110e+00,-2.170629268829490144e+00
-8.114984615783840116e-01,1.040169576660384232e+00,5.822281610914944450e-01,-8.853515243797035472e-01,-2.076089912580081798e+00
-4.800472571180898762e-01,6.583713012796431618e-01,1.339399640837654504e+00,-9.451698206378780220e-01,-1.475447708272978220e+00
-1.838204366236210474e-01,7.006770736000100808e-01,1.272697422062142536e+00,-1.139951141731008644e+00,-1.415279475739751991e+00
-5.869305017457869811e-01,7.390024832091638407e-01,1.060116783496066750e+00,-1.443799492680917007e+00,-2.241437483769210370e+00
-9.863863681493764135e-01,2.416538046272247997e-01,9.523280469437090945e-01,-7.463250477739074018e-01,-1.178190216218223396e+00
-1.746624615145983217e+00,-1.433469107234533135e+00,2.068834540220813700e+00,5.876893612212740203e-01,-1.221927669391271509e+00
-8.185524604560480144e-01,1.355322701987913547e-01,6.600496144821236255e-01,-8.903795966439175258e-01,-1.900090345688930427e+00
-7.011193155244395125e-01,1.312086426587739441e+00,9.357285559723372836e-01,4.755972479190611474e-02,-1.308051546092178219e+00
-8.077948745708837253e-01,8.914887621262401751e-01,3.227701176332692934e-01,-9.962539953731588405e-01,-2.129429765744127678e+00
2.326908362052519386e-01,1.066548415605693245e+00,1.324267461933117174e+00,-3.203042950879834982e-02,-1.763490894004945853e+00
-8.686749729218492533e-01,7.762295017821229104e-01,6.211339743299952865e-01,-1.108124476160098348e+00,-1.830148124202640503e+00
-1.276517621194343421e+00,-6.168237740049455076e-02,1.843827479347562193e+00,-1.191773315870113370e+00,-1.350248636835907234e+00
-1.142300624467440934e-01,5.477948103752683373e-01,1.101446939287479720e+00,-1.091356690677824925e+00,-1.914050313581707741e+00
-3.919717383801762933e-01,4.788580269744232010e-01,8.809948293160719812e-01,-1.069996744440406378e+00,-1.789784716233582706e+00
-7.065077650632859418e-01,1.119539711959915751e+00,7.562088601649261665e-01,-1.049152981177552402e+00,-5.902771838637631552e-01
-1.405364856850500832e+00,2.256208520946347273e-01,8.559120061623933795e-01,-1.230551871320866963e+00,-5.002750982173211902e-01
8.635739675777685809e-02,2.185943873584663688e-01,1.359691671325714779e+00,-3.206867937043179628e-01,-1.587810743994260143e+00
-1.417981430840466128e+00,1.063201480926092429e-01,-1.671496367666920335e-01,-1.441580772929997423e+00,-8.072867331505608757e-01
2.233652571029309808e-01,8.824207826696977008e-01,1.923753938701631805e+00,-1.277361830402503395e+00,-1.688253258263025192e+00
-1.103403471029192673e+00,2.310112984244408751e-01,1.049449062573134306e+00,-4.863611085311820847e-01,-1.759482092804815601e+00
-1.344221882245048461e+00,1.775505444871725125e+00,3.667993116045397128e-01,-4.441026776410449961e-01,-2.032423016619155920e+00
-1.411088486704550060e-01,1.174477752431789312e+00,7.990147387960470082e-01,-1.066939702929064149e+00,-2.718650193840083773e+00
-7.197827967781154912e-02,4.833977704054379099e-01,1.581330861115770148e+00,3.227428717256198287e-01,-1.810466267712301569e+00
1.076734723077443778e+00,1.597317640964507346e+00,2.463683163982079538e+00,8.017567455253643560e-02,-1.087504668048783651e+00
-1.078484611847844610e+00,1.159973251805290761e+00,9.845740437843839565e-01,-1.371126005100383960e+00,-1.525291317483568498e+00
-5.707744382247429416e-01,-7.008700730890946584e-01,4.686450603413000460e-01,-9.524569269647674696e-01,-7.512162421453442152e-01
-1.198797691087741146e+00,-2.042164963554383636e-02,1.613883011477527551e+00,-7.749378222926505133e-01,-1.321111611655637175e+00
-8.382246844865740565e-01,4.820077257978969132e-01,9.030277841331888489e-01,-8.397745932168525496e-01,-1.846020677410399546e+00
2.546861856151124912e-02,5.436560314509100156e-01,2.240266099963333091e-01,-9.096449970931741458e-01,-2.197554131597179161e+00
-6.061008900531607013e-01,6.397960375488346285e-01,1.080714962904617549e+00,-1.086014682407780541e+00,-2.137018253453740080e+00
-5.332974340279862391e-01,1.036471191425550664e+00,3.949063182929692939e-01,1.881790243706767951e-01,-1.857481385105184346e+00
-2.934034757371443702e-01,-4.302005747170846717e-01,1.452335659511995447e-01,-6.789227707843771276e-01,-2.381921249394834295e+00
4.606940867732479683e-01,1.106545775417805633e+00,7.309577576237858976e-01,-1.462220050695142159e+00,-1.732009181688038968e+00
-1.008178015945190742e+00,1.248984875515196880e+00,7.139147248876918095e-01,-1.400536263032861051e+00,-1.600556341745004607e+00
1.609943618459553916e-01,1.322469028171272987e+00,6.926000394562122908e-01,-1.092479790678276386e+00,-2.111448841897340056e+00
-1.551491228693855917e-01,1.674501856020574053e-01,1.793716076415448502e+00,-5.539038933997065817e-01,-2.048892665921920653e+00
2.341396461160469400e+00,1.989499556073497655e-01,1.433905360155298458e+00,-3.494172019149408559e+00,-1.314257406943278639e+00
-6.447867666912813212e-01,6.232846716081574812e-01,7.549093880002692991e-01,-6.483784474406302234e-01,-1.426694485820957370e-01
-7.508082011891357155e-01,6.923514077751469209e-01,6.837587083726260895e-01,-9.650395762207046868e-01,-1.199193689269187457e+00
0.000000000000000000e+00,0.000000000000000000e+00,0.000000000000000000e+00,0.000000000000000000e+00,0.000000000000000000e+00
-9.931358967250248915e-01,-1.637062651307199523e-01,1.215708927954989305e+00,-1.979815015503345599e-01,-2.425448406470715135e+00
-7.797470746612923387e-01,1.289605008612598969e+00,9.391079620469346967e-01,-1.331134741432344892e+00,3.601262116827027016e-01
-3.183367734147296568e-01,-7.660013423413201128e-01,2.186478402471475402e+00,-8.654492823675893343e-01,-1.516929041243095355e+00
8.073995579330690842e-02,1.425627890738169645e+00,7.004308116433497489e-01,-1.151583277705927832e+00,-1.279809974595782940e+00
-7.580058715052129248e-01,8.152232079225072425e-01,3.731112627445120622e-01,-1.340644575776249958e+00,-2.079604569242243350e+00
-7.543598985532917744e-01,3.232908145540429046e-01,8.900006912298550343e-01,-1.093869338034979322e+00,-2.199607565245397023e+00
-1.344330843650001883e+00,-8.009463780136582001e-01,9.185331423802526318e-01,-7.250180689971157388e-01,-1.144294007588340101e+00
1.008500405921675114e-01,1.024193291747626855e+00,7.876258765671395601e-01,-5.172043581715010108e-01,-1.008460629447305523e+00
2.658931569421810748e-01,-1.452576667514094977e-01,2.302810932806125699e+00,-2.503918312564135662e-01,-2.129772394985653516e+00
0.000000000000000000e+00,0.000000000000000000e+00,0.000000000000000000e+00,0.000000000000000000e+00,0.000000000000000000e+00
-2.017788330702615374e-01,1.901233217398359265e+00,4.441296617028198668e-01,-5.933897165291706077e-01,-6.056602431681793464e-01
-9.352167008918856883e-01,2.237995363797911641e-01,-3.540482260372610490e-01,-1.244080308167343052e+00,-1.494755806347429106e+00
1.887989897611043466e-01,-1.858355158695363107e-01,1.020932942318503844e+00,-1.752421014529441434e+00,-1.634083185185395193e+00
1.350606024245050385e+00,-5.732150820844853500e-01,1.198655645156027072e+00,-2.090239816456557431e+00,-2.166883320139743052e+00
-1.167087355574210950e+00,1.173511959895525258e+00,6.536291405681999844e-01,-9.947647422674569251e-01,-1.741387683646044460e+00
-1.219075916874365895e+00,2.081886938705145851e-01,1.050988133576131300e+00,-7.894005881853561890e-01,-1.831441594386257421e+00
-1.175666621422599700e+00,2.338671318157315993e-01,9.324698698767728278e-01,-6.291247922721820984e-01,-1.681344004486601484e+00
-2.092676728712801471e-01,-3.980610784036638372e-01,1.862790229546533505e+00,-1.191762761855865271e+00,-9.689643554411544457e-01
-8.034782324468140446e-01,1.506984053677059010e-01,4.656656570796048333e-01,-1.393045449306264505e+00,-1.982877484760563913e+00
-4.010764641733096658e-01,2.214482970280022833e-01,1.373233243883658750e+00,-1.269240048907607887e+00,-1.742373782005362637e+00
-1.495983643035676769e+00,-1.039569904689546798e+00,1.429576082771998324e+00,-1.154152412929506655e+00,-6.480729604830515189e-01
-1.589220218837703813e+00,1.007747861435405179e+00,-2.049317006407455066e-01,-1.709232033719385369e+00,-1.465613102591166506e+00
2.663331684812090261e-01,1.456981169044344382e+00,1.915719211244403919e+00,-4.230746514634575184e-01,-1.189197206773952242e+00
-5.870476945917193490e-01,4.338738872671681901e-01,1.514918965951118190e+00,-3.287994944335865255e-01,-1.706825379508084772e+00
-1.103748346925511464e-01,8.536167550438235052e-01,1.701603780855740045e+00,-1.299266113463527494e+00,-6.516329878891103933e-01
-4.001108385984579741e-01,-4.002577198483044107e-02,5.971068974329877266e-01,-1.053499706578292061e+00,-1.866368870863600815e+00
0.000000000000000000e+00,0.000000000000000000e+00,0.000000000000000000e+00,0.000000000000000000e+00,0.000000000000000000e+00
-4.206725103235630647e-01,1.055430487297436937e+00,1.533133849970665652e-01,-1.004417225078136022e+00,-1.901381922051256002e+00
-4.269424725321711855e-02,7.707255097355959483e-01,5.572497694344380470e-01,-1.477265389372456772e+00,-1.966058908937044603e+00
-6.003995832863781579e-02,4.273063684859678690e-01,1.354227857506770549e+00,-6.169587911593963359e-01,-1.977699202644678023e+00
-4.670126826476560522e-01,5.626279122395297927e-01,1.697840821212252882e+00,2.179128284536218374e-01,-1.664097833306233953e+00
-1.018644592928018788e+00,1.353592387913296058e+00,1.421777177897016298e+00,2.758303969450359716e-01,-6.042716005812807101e-01
-4.433718021530112519e-01,-3.422247080616942772e-02,4.985359580771514532e-01,-1.191374647327340330e+00,-1.865106530652158368e+00
-8.066319827930772124e-02,4.295771848320931174e-01,7.415005349469109275e-01,-1.069351376298481648e+00,-1.809481090934297542e+00
-1.178481989119861906e+00,2.017834196736332519e-01,8.823686175946542365e-01,-1.076933541117535587e+00,-1.654637367446900376e+00
0.000000000000000000e+00,0.000000000000000000e+00,0.000000000000000000e+00,0.000000000000000000e+00,0.000000000000000000e+00
-7.806934084105116023e-01,8.792715600717999624e-01,9.145808513021030928e-01,-6.308792097799897913e-01,-1.750959602814488036e+00
-5.637637364645938787e-01,4.719524819063605769e-01,7.968804665073773164e-01,-1.613632669421107169e+00,-1.066453033208943024e+00
-2.096282624229789393e-02,3.825703159863439451e-01,8.637470649805186751e-01,-5.905925293907793305e-01,-5.370595767460959458e-01
-5.562553021194895919e-01,2.097208318087175338e-01,1.522865310613898737e+00,-7.361819388240908868e-01,-2.504258617156328803e+00
2.873845540234992030e-02,1.711812842580142879e+00,7.624869862557731581e-01,-1.802064397084478520e+00,-2.016338472166173457e+00
-7.043950303554730175e-01,2.188144853888976671e-01,1.835500202900929967e+00,-9.365938548197998426e-01,-1.741775415995550302e+00
7.714698076233055257e-01,1.800878987225601247e+00,2.035241533676225512e+00,-5.811546696151062563e-02,-8.386888865049664243e-01
-4.128449675322190537e-01,8.694452988108375413e-01,8.881948683358272811e-01,-1.017999221761111350e+00,-2.292826255079804199e+00
-1.536416486458281050e-01,-2.240469933016430437e-01,1.216273870300860649e+00,-5.589092822402443872e-01,-1.409360940427405673e+00
-4.742438290655904831e-01,5.833547002022287931e-01,1.420363055946417541e+00,-1.484710987613617084e+00,-1.875647388238842250e+00
-1.336787578519048392e+00,5.063886584650938438e-01,1.012373993940653083e+00,-7.863500800302604121e-01,-1.472337520538157918e+00
-8.831347063291061783e-01,1.399424639949894633e+00,9.452610752061596511e-01,-1.311441226471937727e+00,-7.378464798297034166e-01
-1.787147813416001818e-01,2.366622908670964476e-01,-7.434820391017201713e-01,-1.214544383697026830e-01,-1.378941198312016558e+00
-1.280731237750642348e+00,1.321382222544059404e-01,8.125497679819820851e-01,-1.334425566677738040e+00,-6.404271283024991490e-01
4.484070204179003150e-01,5.523718400550290397e-01,1.654670829910958263e+00,5.824378334591981954e-01,-2.025474734875247318e+00
-1.117373060894380599e+00,7.899778208092572696e-01,4.910711067979421363e-01,-1.581045432196000355e+00,-1.464748267496666534e+00
-8.625046205897054508e-01,1.449596729902317138e-01,7.949861483693819730e-01,-1.405144788901568464e+00,-1.702761534247781094e+00
7.416181869213352151e-02,7.121873419015039008e-01,6.181365335512927217e-01,-1.375756033633757314e+00,-2.124818227675218552e+00
-8.579642624124872441e-02,-1.792807311823464422e-01,1.100089619343957104e+00,3.258753418409381375e-01,-8.885444591756384014e-01
-2.198702154783333251e-01,4.676194177412714703e-01,9.086387695002977605e-01,-1.324960654371045266e+00,-2.074036693264520892e+00
-6.117386545848598756e-01,7.490878383595952483e-01,9.191048378835913191e-01,-7.343739381356874096e-01,-2.065816132725569076e+00
1.265968676587684749e+00,-1.429772581332521275e-01,4.877559036439834683e-01,5.537452013584878152e-01,-2.404221942340267759e+00
-1.103681455579896609e+00,-5.623282025785250049e-01,1.283025993134766507e-01,-3.487395341162201068e-01,-1.070530023572687117e+00
-6.399097098248310855e-01,-3.373764048811170868e-01,1.589001319453629213e+00,-8.123903028226265866e-01,-1.095832527087926778e+00
-2.191017459969602788e-01,7.179288305795099578e-01,1.220963080963358038e+00,-8.567860219728710147e-01,-2.081094811429683666e+00
-4.248531710803035155e-01,7.270442267509160672e-01,-1.291453122090259996e-02,-1.035952898391148569e+00,-2.195950957123838698e+00
2.249226934010494228e-01,1.400072979561968745e-01,1.068486630429091422e+00,-1.036133009321402065e+00,-1.928543349413307073e+00
-7.137369132138354777e-01,5.670304010095304770e-02,1.029826778157481248e+00,-3.931197434763357701e-01,-1.410059981357590253e+00
-8.181598454019668731e-02,1.169128181959288026e+00,1.009533355603708937e+00,-7.489099739711461146e-01,-2.055902246721318605e+00
-1.222861082518424514e+00,1.666029843623390572e-01,8.292738799230703339e-01,1.601927263104255539e-01,-1.484040174593270089e+00
-1.103748346925511464e-01,8.536167550438235052e-01,1.701603780855740045e+00,-1.299266113463527494e+00,-6.516329878891103933e-01
-1.542652325945935154e-01,9.861512201332427452e-01,1.207187227919948702e+00,-1.127529072978967095e+00,-2.102805290916848424e+00
1.073490886434175576e-02,7.440946525297442715e-01,7.317760208560410151e-02,-1.371475004492446637e+00,-2.107219449426125824e+00
-1.996013722506674581e-01,9.204466705971943163e-01,1.101907960874802361e+00,-1.310864816174442282e+00,-2.195210089394776354e+00
-1.024584990200513079e+00,1.057105778035249272e-01,6.500398143855854460e-01,-1.067540453342194828e+00,-5.123417026420018505e-01
-9.279592167759987964e-01,1.677127175735175779e-01,1.613134662939484265e+00,-1.021827110521451143e+00,-1.367397857129066807e+00
-5.057823400280270221e-01,4.284931159062673189e-01,9.059187034360748347e-01,-1.212019283193759289e+00,-1.376548194785329304e+00
-5.914541187066935102e-01,-2.080372560468678189e-01,1.962300331463742609e+00,-1.808169690467645196e+00,-8.143425068483053364e-01
0.000000000000000000e+00,0.000000000000000000e+00,0.000000000000000000e+00,0.000000000000000000e+00,0.000000000000000000e+00
-1.123257511124072572e+00,1.602503363909222323e+00,1.308928687090000986e+00,-1.168589687463785332e+00,-5.420279662396443321e-01
-5.472764775199945309e-01,3.194188909160380896e-01,8.988584664229020138e-01,-1.798704417327093852e+00,-4.482730185356370023e-01
1.315743173920545239e-01,1.799298803506792777e-01,3.384520641950797271e-01,-9.984331846448056824e-01,-2.066391853924980371e+00
-7.785959347079620674e-01,1.135878254352590960e-01,6.056497818263164579e-01,-5.800595885785215788e-01,-7.664243305066588130e-01
-5.596265748044293442e-02,-5.989241663929398968e-02,1.673440794165051537e+00,-7.152616238203332033e-01,-2.519364924253065574e+00
-3.803329749651974678e-01,2.899228515729720401e-01,8.538745500062424609e-01,-6.845493343204152037e-01,-1.883820473804625806e+00
2.323340967270347002e-01,2.196820912722223240e-01,9.643924325184437540e-01,-3.127481761600344745e-01,-1.641191503160666532e+00
-8.961884651178563255e-01,8.214125476726342745e-01,9.660189897839822626e-01,-4.796423068349705554e-01,-1.934336469640062894e+00
-1.139915379387011485e-01,1.159517914245575154e+00,-7.470013262472870869e-03,-1.023406057057483665e+00,-1.798330876830406488e+00
-1.226106420932349339e+00,2.288002895616082222e-01,1.273491032056286887e+00,-1.661103727403851149e+00,-7.179910339978320399e-01
-6.185652169150139823e-01,7.437327436794242130e-01,-2.528448591218326880e-01,-7.889195298357962738e-01,-2.519965542763361377e+00
-6.828063457181018370e-01,-1.510594594473951835e-01,5.539216938476586582e-01,-3.067476759443661383e-01,-1.708298225189865294e+00
2.830877451199395947e-02,1.989882365098703421e+00,2.342530989099045335e-01,-1.323042422807584995e+00,-1.843725614803623181e+00
-9.681719351673833129e-01,-1.402555282565870476e-01,9.322197310519759750e-01,-8.852977367295966626e-01,-2.203989968224140839e+00
8.054081270786633828e-03,7.211381821803314329e-01,1.178968522578560663e+00,-5.708407679568315851e-01,-1.543903058275297946e+00
-1.022308517357800373e+00,8.011646426541947363e-01,7.895543988195870000e-01,-1.079015833687644449e-01,-1.199784937456580325e+00
-7.866170706258158729e-01,1.260657925793718936e+00,6.994340105132839103e-01,-1.136350883624107189e+00,-2.004155067748015107e+00
-4.966201253462232401e-01,5.864981406107263595e-01,1.060914941749339313e+00,-1.218146632471673874e+00,-2.258700792615564890e+00
2.381564722010243995e-01,-1.087802780375743683e-01,1.003993566874817001e+00,-1.257677844433090719e+00,-2.407791441171045932e+00
0.000000000000000000e+00,0.000000000000000000e+00,0.000000000000000000e+00,0.000000000000000000e+00,0.000000000000000000e+00
0.000000000000000000e+00,0.000000000000000000e+00,0.000000000000000000e+00,0.000000000000000000e+00,0.000000000000000000e+00
-1.223202036709147400e+00,2.542530674587368811e-01,8.686491428121319025e-01,3.013587851833943176e-01,-1.404799573797096635e+00
0.000000000000000000e+00,0.000000000000000000e+00,0.000000000000000000e+00,0.000000000000000000e+00,0.000000000000000000e+00
7.183528108767239795e-02,-3.927754401006483542e-01,5.364474279422440928e-01,-1.777918019736865807e+00,-1.212624675292757193e+00
-1.114450783387622712e+00,3.045398296746560929e-01,1.440630763657811064e+00,-8.682364094993160197e-01,-1.379206801610993294e+00
-1.123295143958290832e-01,-4.882883488239266323e-01,1.387630366435574247e+00,-8.690107214027056326e-01,-2.736550456071315640e+00
-4.077659630795161250e-01,8.610202208334417628e-01,1.053817342011539093e+00,-4.726372381141214496e-01,-1.770742602558019962e+00
-1.100881833038234614e+00,2.288277607128631486e-01,7.817842285309193340e-01,2.712229066650548304e-01,-1.264319616417384440e+00
-2.525047420648983132e-01,-6.298993498161529203e-01,1.427746584756668602e+00,-3.684410592612615831e-01,-2.333792000666395694e+00
-4.921614714658828493e-01,-2.983548448647723728e-01,1.760152702011698878e-01,-3.686129563394765496e-01,-1.886180666521119376e+00
-7.674165082256150239e-01,-1.107371865694045665e-02,1.691103013303706160e+00,-8.876739859157938006e-02,-1.212462183035744490e+00
6.207175886291847744e-02,5.059414228586730511e-01,4.459549774233131370e-01,-8.226271959116551180e-01,1.378346237675484864e-01
-2.132617377908211653e-01,1.190539712996310007e+00,1.045549467288418466e+00,-1.564224327953479543e+00,-2.143710412120289899e+00
-5.817479942473313681e-01,8.469432814683238719e-01,7.472037075685120655e-01,-8.707031582133333281e-01,-2.018529092275890058e+00
-5.481741993337232444e-01,3.683632624310043679e-01,1.033832891210312965e+00,-6.170876157908169457e-01,-1.647587844765260323e+00
-3.908328679883871781e-01,7.623758265219912067e-01,1.358286633250789910e+00,-1.085209485075172120e+00,-2.130553642191764574e+00
-6.470866154187220332e-01,5.219612023538088286e-01,8.115062217080369900e-01,-1.250037341473365426e+00,-1.844111070190914914e+00
-9.058676289829020734e-01,6.899035246298350632e-01,1.055680864601257207e+00,-1.312438210742807379e-02,-1.579940785593013208e+00
4.038786818916897947e-01,1.260195047085620246e+00,1.085623042577777975e+00,-1.828547861037863598e-01,-2.241880169153452673e+00
7.050944338337949979e-01,1.000060527596769444e-01,1.202559158290652297e+00,2.855607925265528022e-02,-9.053011140622750919e-01
-1.010866109271699002e-02,9.226268214835575687e-01,1.034369479104956913e+00,-8.839261073292790094e-01,-1.912601840707075285e+00
-2.296732393351916257e-01,4.416584100471434571e-01,1.693998963222219212e+00,-8.940182026815860494e-01,-2.132196796712613196e+00
-2.055898678946035396e-01,-1.795138060748800723e-01,2.008378517363263782e+00,-7.078462917126345788e-01,-1.272169181395266691e+00
-3.586842926097110196e-01,3.256725162972382570e-01,1.401902964180167022e+00,-1.514757928494134376e+00,-1.631459777903298436e+00
-7.678131768117133493e-01,8.595396752632601389e-01,1.123994439645960686e+00,-5.664823183582771149e-01,-1.464130594129299467e+00
-5.360110497351627812e-02,6.455665503814999040e-01,1.527554822299311166e+00,-1.029203930549394519e+00,-1.746584802562888283e+00
-6.763774592793115881e-01,9.647961452555727790e-01,9.440211301919296805e-01,-7.769553854740134380e-01,-1.926228073549597575e+00
-2.448265169539786956e-01,6.928180547923786792e-01,8.320709018777258104e-01,-5.089939167167165657e-01,-2.306578956011504644e+00
-4.437695179909553062e-02,1.738619843995120817e+00,1.182819994071419689e+00,3.890094721409571021e-01,-7.401995470877271721e-01
-5.954659499206185064e-02,1.214359811647508502e+00,1.451735529982421946e+00,-4.235760632115592172e-01,-1.369069278240318210e+00
-1.660218189238582109e+00,-2.932584110292937862e-01,1.457374499828125065e-03,-1.295498740584402286e+00,-1.174494816618863791e+00
-9.785616293673183863e-01,2.034024539669903042e-01,6.949193142497067655e-01,2.410870281467153708e-01,-1.123839659037672023e+00
-2.783724060242339093e-01,8.313084906484052850e-01,-6.195964875504696989e-01,2.862774372063680017e-01,-1.366197017306481021e+00
-1.266749781913713901e+00,-9.408571781775378062e-02,1.531298001705712508e+00,-1.152150392695587389e+00,-1.248015040245433749e+00
1.805408601602650265e+00,-8.460363296002723077e-01,2.225148490253002542e+00,-1.459692200473947210e+00,-2.411990029951383452e+00
-6.327032546548062575e-01,5.016438157451861279e-01,-2.277309385045411250e-01,-1.327588159453305439e+00,-1.722943878466341783e+00
-2.417845444936084220e-01,4.890385752439176392e-01,1.409802949287095153e+00,-2.629141609393321199e-01,-1.398518251047622396e+00
-1.074644611152135276e+00,1.038807786013595358e+00,1.258182313333783942e+00,-1.080630745734386666e+00,-2.377824143034926729e-01
-4.943834436816316735e-01,4.718900317985778026e-01,1.317595510489779853e+00,-1.010360533834703034e+00,-1.993864268470325829e+00
1.725288713422227227e-01,9.779441519237643821e-01,2.096651669271429874e+00,-9.687245286189039017e-01,-8.798423318337422749e-01
-1.638465628270602936e+00,3.840823504688729156e-02,6.293735077033106862e-01,-8.866417007549287632e-01,-1.185209850827501521e+00
-4.933401369237241929e-01,9.309830876430607027e-01,8.340736284168721593e-01,-9.126662077683320717e-01,-1.760374680773064915e+00
0.000000000000000000e+00,0.000000000000000000e+00,0.000000000000000000e+00,0.000000000000000000e+00,0.000000000000000000e+00
-1.245509097291100264e+00,3.757587881232019728e-02,7.578708206217515952e-01,-8.644322909850822301e-01,-1.205473432082813545e+00
-1.037431544919230619e+00,6.257780312696713532e-01,7.168809407732081862e-01,-6.678403616315441438e-01,-1.750035601409305253e+00
-1.041131469976645851e+00,9.546058887194031062e-01,9.324898664544361004e-01,-6.718282915504038000e-01,-1.027885254797607173e+00
-1.480387266836583837e+00,1.099686787457139880e+00,4.681676401455577841e-01,-6.598920517647557382e-01,-1.487530443336747776e+00
-5.981030309296847536e-01,-3.236190102710325145e-01,4.702240140846568051e-01,-1.524021761485046422e+00,-8.194810876892789642e-01
-2.457376691681843472e-01,1.360534879998686497e+00,1.476269157220547468e-01,-1.904523964077938114e+00,-1.805153898163695647e+00
5.455780234816881569e-01,1.299103614986956423e-01,1.070006496499426252e+00,-1.078936320720732311e+00,-5.264705523315015290e-01
-4.979176855219857867e-01,1.249954924807600287e+00,1.296119904527519795e+00,-4.174089071765583192e-01,-1.805093954333095718e+00
-8.124741717177793587e-01,1.281432011415113981e-01,-3.083175016812807478e-01,-1.636415804661457862e+00,-1.145301303277497018e+00
-1.850020717591198405e-02,4.608921711856314163e-01,1.109886800661568751e+00,-5.660817219621400165e-01,-1.608739342080765633e+00
-1.060002718909428987e+00,2.342115022246117062e-01,8.451552008370198932e-01,-1.177372495199161762e+00,-1.988782042871953815e+00
-3.532874202527326313e-01,2.331954565113013855e-01,8.904686904269317749e-01,-1.171936207243220229e+00,-1.962186253365668653e+00
-3.476241014989205347e-01,9.360313155179059708e-01,1.064873049618361600e+00,-8.056188653348398399e-01,-1.839566580807540319e+00
-4.874265287886172526e-01,5.572764865484912677e-01,6.368616745381193711e-01,-6.440429731225882914e-01,-2.005051888311475849e+00
1.096414801358659208e+00,8.787520919662705765e-01,-2.307981173506952043e-03,-2.567995661212753689e+00,-1.669804160708948215e+00
-1.020425756048318755e+00,3.180568248101895978e-01,2.767558426960102236e-01,-1.018608019882637050e+00,-2.391833250880905481e+00
-2.847118179847796804e-01,6.975590406297743629e-01,2.096316120492088153e+00,-5.229790853292859421e-01,-6.632809890857469526e-01
3.856353874433327000e-01,1.096891916503902831e+00,1.915119032505383512e+00,-1.269769826724508999e+00,-1.844677398027757542e+00
5.060427769618776050e-01,-2.479963439974957815e-02,1.573482415205979201e+00,-1.925298521078801839e+00,-1.438043369811651040e+00
0.000000000000000000e+00,0.000000000000000000e+00,0.000000000000000000e+00,0.000000000000000000e+00,0.000000000000000000e+00
2.133355976182637059e-01,7.785493571538105728e-01,9.662597371066913299e-01,-1.508516506893723186e+00,-2.269470279954891812e+00
-6.164735806948027363e-01,-1.770117730527042965e-01,3.898406766587194511e-02,-1.463222263746779328e+00,-1.071051420742002547e+00
-4.030403816086035040e-01,5.598884225484204169e-01,1.083591359840735402e+00,-1.001782191488225893e+00,-2.250552202819629866e+00
1.603349984447850762e-01,1.876807979537061521e-01,3.594722970766059400e-01,-1.817523968251818500e+00,-1.916795580768491325e+00
-3.568918802748924368e-01,2.182157513647097757e-01,1.145206700774459962e+00,-8.846341699670143832e-01,-2.003690446211960907e+00
-3.227615512800484088e-01,2.498814636347702900e-01,1.477236702173057914e+00,-1.136215142890770302e+00,-1.879480752540793498e+00
0.000000000000000000e+00,0.000000000000000000e+00,0.000000000000000000e+00,0.000000000000000000e+00,0.000000000000000000e+00
-1.102507683758689572e+00,-5.344735331417229673e-01,6.392591181530807853e-01,-9.218665132487045000e-01,-1.381558608036780766e+00
5.956622263770261494e-01,9.591943650730675452e-01,2.053258800703690490e+00,-6.834799816667275207e-01,-1.740953591989295113e+00
-3.023432205531923489e-01,-3.765638815032129050e-01,1.516763773841495411e+00,-2.715215833925961331e-01,-2.650044796991076090e+00
-3.077441966823588615e-01,6.430528608572266824e-01,1.204990930346183431e+00,-1.641386761294724161e+00,-1.861922965494404503e+00
-9.821768481076734725e-01,-5.376956353026594027e-01,1.425941999625718548e+00,-1.059752940165070711e+00,-9.884154195707185453e-01
-4.026597112076857887e-01,8.900395432848606792e-01,1.452347111861589601e+00,-5.521415686045815230e-01,-1.451328281914991303e+00
-4.333276541995846332e-01,6.238021560343134375e-01,9.421994842158690764e-01,-6.220728438634404167e-01,-1.806872522983673957e+00
-8.171104811258503853e-01,7.189991055942712705e-01,9.060812606922772350e-01,-1.521079305173887342e+00,-1.776016055240902336e+00
-3.259594691453626680e-01,4.370600106408671914e-01,7.827268429689684393e-01,-3.377943571730611105e-01,-1.813130809997677506e+00
-4.655777613285272953e-01,7.944289077608251981e-01,1.302920142867061593e+00,-1.257702865488146138e+00,-1.174714618573528213e+00
-1.299219458030943963e+00,3.555084057771659145e-01,1.304518069653957335e+00,-7.450481483239488334e-01,-1.422075174824092514e+00
-4.143504044305803546e-01,-1.314781440794496881e-01,1.482366490412619919e+00,-1.235535429850266986e+00,-1.756863367472175641e+00
-1.205991499153511670e+00,-5.972782039598991677e-01,3.348792514626474648e-01,-1.010843716723745400e+00,-2.223325740977835085e+00
-1.562297122052664355e-01,1.871015480421188037e+00,9.761927182615063314e-01,-1.552320917633380981e+00,-1.042300066997234431e+00
-1.662063486481994701e-01,1.183860390516053851e+00,1.167153147439331962e+00,-3.768664152614769058e-01,-1.188464089679209357e+00
-4.242113768454614520e-01,1.435643075035329508e+00,2.212796757286718541e-01,-1.798895365519062484e+00,-1.395758991205582111e+00
-4.078899751674113228e-01,6.480354102605397904e-01,1.049534697788332416e+00,-8.529725302654022068e-01,-1.869167684256460182e+00
-1.213339041784536221e+00,1.358395379986512830e-01,8.312004754060581257e-01,4.452632458161487339e-01,-1.419925036684597242e+00
-2.942120208083293664e-01,1.755407586370832662e-01,2.783739577859972725e-01,-1.162420232882414861e-01,-1.981186967129467402e-01
-9.785616293673183863e-01,2.034024539669903042e-01,6.949193142497067655e-01,2.410870281467153708e-01,-1.123839659037672023e+00
9.970628694122206648e-01,-6.920210970484197421e-02,2.475353119642075939e+00,-1.499098368842294304e-01,-3.953589607026702368e-01
1.709679904558383701e+00,-5.580968916161453963e-01,1.563824550131332813e+00,-5.222408120459118841e-01,-1.726406299202886796e+00
-4.364633198379395673e-01,1.066761861296967817e+00,6.124465477811673608e-01,2.405613579540920866e-01,-2.295264170995611419e+00
-1.152658113975575160e+00,1.189244000289658848e-01,7.312947911837823778e-01,-1.200983010009968988e+00,-5.763844154722496116e-01
-8.658578636073269719e-01,-1.520468841315047448e-01,2.057199264640844572e+00,-8.520987943395630371e-01,-9.552779528805209752e-01
-8.588596651176956254e-01,-4.563450679917380182e-01,5.310416551836836252e-01,-2.974197880071146050e-01,-8.059384724424610846e-01
-5.873328412481075844e-01,2.574146295838979359e-01,1.978251759921157538e+00,-6.545406072617158122e-01,-7.049645469794527664e-01
-7.201089743354822659e-01,8.680692417600321953e-01,1.169336084823995536e+00,-9.342230474114372463e-01,-1.472760977944425731e+00
4.077768023974239764e-01,-3.474418426284980876e-01,1.828335254481366023e+00,-1.289735078013377056e-01,-1.353154258710676627e+00
4.118367675969332176e-01,1.174724493193902930e+00,-2.358170435752142691e-01,7.920799889819034323e-02,-1.009192761477331945e+00
-7.978130569338371947e-01,1.154873173930991426e+00,6.513160693706407933e-01,-1.232979028838785185e+00,-1.900234976853500068e+00
-2.802150264966660198e-01,6.573239737857161646e-01,1.087154844527149056e+00,-6.878172165173491726e-01,-1.737558770685709852e+00
-6.746811057088418773e-01,1.029878113395654937e+00,1.330021478956867842e+00,-1.312520229970229879e+00,-1.678561439302140856e+00
-2.439912958841693180e-01,5.963230094270393078e-01,2.186646225226831497e-01,-7.308147949430116030e-01,-2.507171125609289231e+00
1.491909733977420660e-01,6.325961446860518533e-01,2.886567167076131701e-01,-7.473297473408763159e-01,-1.886869597430038459e+00
1.040665964202677207e+00,1.308244209391101531e+00,4.913770974849190343e-01,-1.158672434548823293e+00,-1.808405103035681805e+00
-7.065077650632859418e-01,1.119539711959915751e+00,7.562088601649261665e-01,-1.049152981177552402e+00,-5.902771838637631552e-01
-1.131147010283992005e+00,1.210859216006385797e+00,1.050519345432894713e+00,-1.184781957313677969e+00,-9.653482066751305490e-01
-3.979078497624761734e-01,-1.995685303993339210e-01,8.183706752346286972e-01,8.999148490774485643e-01,-3.307287521211704773e-01
-1.213339041784536221e+00,1.358395379986512830e-01,8.312004754060581257e-01,4.452632458161487339e-01,-1.419925036684597242e+00
-9.785616293673183863e-01,2.034024539669903042e-01,6.949193142497067655e-01,2.410870281467153708e-01,-1.123839659037672023e+00
-4.170647862867409850e-01,5.508330308128783770e-01,1.032420705868925870e+00,-6.734958728852641352e-01,-1.738746005985909227e+00
3.120513199463590959e-01,2.764919045705464540e-01,4.017135042210294160e-01,-1.294886581092645761e+00,-2.314575573668597563e+00
-6.510384220604831240e-01,-2.241362620862998589e-01,-6.240257515159892965e-02,-1.341373043546874699e+00,-1.523674689516849146e+00
-1.528914809141486697e-01,-3.534848124491772325e-01,1.744048996055641121e+00,1.825580964362919500e-01,-1.344092523258369365e+00
-4.387447799709928153e-01,1.477570748127672973e+00,1.094026564643467259e+00,-3.021616811525540958e-01,-1.769687047600466023e+00
-1.172503191515546606e+00,1.632368486589388823e+00,-5.615323586483880192e-01,-1.800943139526711478e+00,-1.940777469808252720e+00
-9.736704304929633125e-01,-5.361082475659219027e-01,1.114020389001510791e+00,-1.267701486746930062e+00,-1.693330749818789283e+00
-1.163004525110841625e+00,1.031823772600477751e+00,1.325833071627420361e-02,-1.059085804402805753e+00,-1.774614009187492014e+00
-1.027946889136501563e+00,-1.875374340278381513e-01,7.911503960042391981e-01,6.343834833160033604e-01,-1.934018447840000432e+00
-9.805846417834432893e-01,3.204505064667637626e-01,8.073660718306623352e-01,2.644592971168584494e-01,-1.341730880121931424e+00
-1.400711500363376105e+00,-1.096507555435266790e+00,4.274652854004322711e-01,-1.439990012498720828e-01,-1.814854106010376888e+00
0.000000000000000000e+00,0.000000000000000000e+00,0.000000000000000000e+00,0.000000000000000000e+00,0.000000000000000000e+00
6.845237372967732936e-01,1.353385341053670254e+00,9.832997940640910706e-01,-9.663885230283271177e-01,-2.465062364609062584e+00
-3.351868892301843594e-01,1.412428980659499178e+00,6.199979502696547629e-01,5.352097878262627173e-01,-1.046228553673209882e+00
-1.344827728088523688e+00,5.183391592555516292e-01,5.379497264919701482e-01,-4.575016835993798714e-01,-1.598139396840582149e+00
-3.095333917958386083e-01,2.026289672531041697e-01,5.741277205174502019e-01,-1.191985822721536969e+00,-1.327312125940891985e+00
-1.019747735137984446e+00,2.005655172915985052e+00,1.537545983380688708e-01,-3.566098963320568638e-01,-2.360664258359678414e+00
-5.123671288564908277e-01,1.555004006318405352e-01,9.792832364509875820e-01,-1.121054900046991376e+00,-1.850020543922197946e+00
-5.556261823394877952e-01,4.868077903977316434e-01,1.180112899616100330e+00,8.636536595010796402e-02,-1.128361821017472622e+00
-7.157773242296028293e-01,7.157659781118349551e-01,9.754409278308401321e-01,-1.636614885796833008e+00,-2.101423093520517593e+00
-1.746581618989888174e+00,2.913809509455875246e-01,7.937385093984929973e-01,-5.554476071979189689e-01,-1.339973048855399584e+00
-1.486688102000920386e+00,6.860517653678488426e-01,8.094833943652549602e-01,-2.042438007336509764e-01,-1.130149146415233341e+00
-9.158462155003469496e-01,-1.143210999806545947e-01,1.365498649126485997e+00,-3.824634153920987711e-01,-2.227173974382392174e+00
-4.229917145228828113e-01,9.881173836464952620e-01,1.167753135623467386e+00,-2.042377346382281689e-01,-2.018925263116145619e+00
-4.502960125099041977e-01,-3.743110130429868482e-02,7.592697745429901612e-01,-1.417910970615474220e+00,-1.856671519046100949e+00
-2.470203317990511405e+00,-1.547106379703465928e-01,1.637296047230434315e+00,-1.370765096029971319e+00,-3.375863055949811231e-02
-3.935956131922711820e-02,-4.633546585753811620e-02,2.660123326731337473e-02,-1.719347485974487277e-01,-1.329127421505358064e-01
-5.405290738345064350e-01,9.608105325998935742e-01,1.850705447587742913e+00,-2.637719994223319264e-01,-7.745695996074534184e-01
1.975535033549714603e-01,4.454371736904876866e-01,-6.624640554556199268e-02,6.318456721311656032e-01,-1.699440291327005026e+00
-9.676557777189669363e-01,3.915760204749765272e-01,6.911705963109091577e-01,4.006615033219022015e-01,-1.871640076128497476e+00
-2.102156524145656902e-01,6.877392289264372405e-01,5.794538102371185051e-01,-4.780708971111083394e-01,-1.943966139125866244e+00
-5.075326434267396492e-01,4.574987444612745868e-01,9.715308715251160798e-01,-7.273871446681425823e-01,-1.893038439336507617e+00
-3.945270681830335691e-01,7.309833592564346505e-01,3.301307346242555729e-01,-6.682877491028444972e-01,-2.475380951252547757e+00
-7.754852729105573550e-01,8.304391151268980531e-01,8.494534095814513242e-01,-1.034789495748081434e+00,-1.850833712323698199e+00
-2.039085827422414676e-01,2.864414505568202429e-01,-3.393865221273862365e-01,-6.954529927849820714e-01,-1.404931643367143712e+00
-9.369307522909643415e-01,1.123185743117563584e+00,4.525059098266669411e-01,-1.433305042258916862e+00,-1.501227128078602258e+00
0.000000000000000000e+00,0.000000000000000000e+00,0.000000000000000000e+00,0.000000000000000000e+00,0.000000000000000000e+00
-9.903143294215941417e-01,-3.450796983627408276e-01,1.713834891063559906e+00,-8.668563057660373661e-02,-1.993197920755925168e+00
0.000000000000000000e+00,0.000000000000000000e+00,0.000000000000000000e+00,0.000000000000000000e+00,0.000000000000000000e+00
1.726002329328547302e-01,6.807786610672175165e-01,1.560768394868811137e-01,-1.137309869981441679e+00,-1.625677102510046490e+00
-8.318080634863386225e-01,-1.921962357530705434e-01,4.571729049461621397e-01,-1.657651715673315040e+00,-6.785352954285160942e-01
-3.796237033526845828e-01,3.344534541995896060e-01,8.732898441295451342e-01,-1.360939666663659287e+00,-1.627281994669668386e+00
-8.038681211544679295e-01,7.104730963402510202e-01,5.546883338266423991e-01,-1.556907180764281806e+00,-1.660129180696514162e+00
1.864285260583438686e-01,1.894629746807453552e+00,1.688632600364257330e+00,-2.075578016766448930e-01,-1.447019302676809671e+00
-4.616835610711702009e-01,2.642352856193219690e-01,1.198848314099740575e+00,-1.606206974283815037e-01,-1.780214143650889369e+00
-1.321715536854160211e+00,2.498816035772274957e-01,6.099633448164263338e-01,-7.325245739712056281e-01,-1.952902220541462786e+00
-2.286476574663608152e-01,8.624247870134009730e-01,8.194272619776150623e-01,-1.263752931635622190e+00,-1.885442977021579258e+00
-5.110087598542603082e-01,6.990386444916604214e-01,1.029126999923972496e+00,-1.277855947567200889e+00,-1.625091951291091075e+00
-6.222246625830194500e-01,5.206723706683670239e-01,1.006005016550221898e+00,-1.451585035657557254e+00,-1.406638534106467553e+00
-7.713443328707711988e-01,7.345529214243933236e-01,8.171982386478333638e-01,-6.965980220854705030e-01,-2.089759893120327394e+00
-1.110292142938678506e+00,7.713657195264931321e-01,8.915059614820005640e-01,-1.295073396312601322e+00,-1.294899173721307806e+00
3.220380605661224416e-01,1.127238002468319067e+00,1.752303476516676506e+00,7.440671035975360281e-01,-1.596312230530959608e+00
-5.284213596449853778e-01,1.564573038717808506e+00,1.103256301000745454e+00,-2.799000676766094653e-01,-1.679860950988656398e+00
-1.502383009155596305e+00,1.057833325311300143e+00,5.261619632007745739e-01,-9.149785897858142558e-01,-1.154213692485441589e+00
-2.387447098574862758e-01,-1.197411182396005691e-01,4.910224051407772738e-01,5.399489094464688943e-01,-1.984372512727027582e-01
-1.688525771384824292e+00,4.867341013951218542e-01,4.836750803068278204e-01,-4.416113648884865683e-01,-8.497869061941883961e-01
-2.320303101653687083e-01,2.657386264218132843e-01,7.877940423791095492e-01,-1.403560104104311757e+00,-1.684325167325406936e+00
-1.041850943469869062e+00,5.032197245705762878e-01,9.755345179591677907e-01,1.216371262489466948e-01,-1.504889729346326588e+00
-1.486955963057625396e-01,5.790143848930985326e-01,1.153538454369927635e+00,-6.931017143002206060e-01,-1.972923069344176605e+00
0.000000000000000000e+00,0.000000000000000000e+00,0.000000000000000000e+00,0.000000000000000000e+00,0.000000000000000000e+00
1.081267328432222730e+00,7.894333729502999164e-01,-5.905217066390361369e-01,-5.340641078849202028e-01,-8.544393454188348169e-01
-4.888100898677263939e-01,5.914526756557546561e-01,1.945645873105719570e+00,-7.557635102588348142e-01,-9.074628129249874275e-01
-5.416557626419334914e-01,1.005881299165754417e+00,6.894999859399826292e-01,-1.144257938888039394e+00,-1.948593287671402718e+00
-1.301414337470807148e+00,1.193257360899258712e+00,1.165612333068045237e+00,-8.397853644380038896e-01,-1.284856568497008578e+00
1.220444545985764462e+00,-6.493542735418182943e-01,1.992768610256777873e+00,-7.254059031815301983e-01,-2.785380890668494480e+00
-8.559518810350780216e-01,8.718323556502426408e-01,2.383709469549466220e-01,-3.672288052429363292e-01,-1.848766847801982305e+00
-3.036098378312733770e-01,-9.441029624551683375e-02,2.670023778703441431e-01,-1.493566420280711959e+00,-1.602546539339648746e+00
-6.649480275917758476e-01,-7.892564516131080066e-03,-5.308782521229393758e-01,2.842339041006380906e-01,-2.769364215403951057e+00
-1.565041930900138878e+00,1.275167179259282559e-02,1.011025172853693865e+00,-6.487831302611717366e-01,-1.564785469371326565e+00
-9.285515765635570240e-01,8.327867115260811914e-01,1.150898293709051279e+00,-5.864717635005876062e-01,-2.068879882134470716e+00
-1.057005882320666057e+00,1.279136067337144134e+00,1.332231411380922215e-01,-2.197795533764990150e-01,-2.500697885391122366e+00
-9.678401768753132073e-01,1.701380659506339432e+00,-3.124568000964064209e-03,-1.126468748830635525e+00,-2.084090213646967449e+00
7.526679894761691969e-01,1.433478401756069553e+00,-4.864724619959675533e-01,-1.091348318149437224e+00,-3.203608642255622474e+00
2.145385674459714120e-01,6.641688070586662107e-01,-8.923538676253964796e-01,1.326761489083704351e-02,-1.584307731062222002e+00
-1.280482005206200480e-01,5.309649139090212300e-01,1.370475593340432230e+00,-7.165747541732793158e-01,-1.276553901391909385e+00
4.460779070296048143e-01,6.732744562830297319e-01,1.135220079948179306e+00,-1.628007441033535674e+00,-2.193950449721485008e+00
-1.532058789340400740e+00,3.991067580622235100e-01,6.728720336332932872e-01,-7.051591654849428403e-01,-1.348867437851052342e+00
-9.264086463291587581e-02,7.223700392281925398e-01,3.183132134563843030e-01,-4.025498270103057274e-01,-3.022449296969612398e+00
-2.147732746380401070e-01,9.102056183967872638e-01,8.813635265668623431e-01,-6.472474882334716684e-01,-2.172618118458474523e+00
7.981043289385519879e-02,1.709499917921964318e+00,6.117256192454839647e-01,-1.650419688958352782e-01,-1.990016314465830716e+00
-1.207895249549822525e+00,2.374283245091426964e-01,1.305686885016967169e+00,-4.175500103127039453e-01,-1.373109191060991829e+00
-6.566311671092376345e-01,1.174247625897510305e+00,4.465338573541893785e-01,-1.100053952178233319e+00,-1.586910531755708620e+00
-9.846458857621606109e-01,5.335829643016052337e-01,-8.369192485731956621e-01,2.360978314762272323e-01,-2.450151127113812777e+00
3.367712712968041200e-01,9.115520653419191266e-01,1.743342003510976124e+00,-7.166868115048651011e-02,-7.675790926719303631e-01
-6.330439332672996855e-01,1.196855611702296818e+00,8.441999378887906635e-01,-1.463805303207651898e+00,-1.546810502274670096e+00
-1.473444154076261503e+00,6.496541470775916149e-01,7.336157207849755002e-01,-3.898257718724360554e-01,-1.771236066629354733e+00
-7.522512278064968916e-01,7.271654502095165062e-01,8.807276193336467385e-01,-7.564415220140697782e-01,-1.664476900124445824e-01
-5.283947151647646612e-01,2.690016829021229516e-01,1.332534690582417802e+00,-1.545291699532547858e+00,-1.113800664074464430e+00
4.378849655940795782e-01,2.434780212557312029e-01,1.757055750952603468e+00,-1.808337990691599950e+00,-7.450058031667075031e-01
-8.960835676231353464e-01,7.989242677503380907e-01,-4.451995167541777376e-01,2.659955479425664682e-01,-7.898860339252794516e-01
-1.059930624059388427e+00,4.634144948709465472e-01,7.469143978664569694e-01,-1.522017394187490158e+00,-1.615688789079812171e+00
-1.054447623846335835e+00,-3.035160693312339841e-01,2.278299051656978991e-01,1.422438631224857142e-01,-1.422366319381976441e+00
-6.770535415877494412e-01,2.213128566580183920e-01,1.774606024306244034e+00,-1.279999153802645839e+00,-1.516257665730136761e+00
-2.828124947265566180e-01,3.069527122247096007e-01,9.026170665131275639e-01,-1.161426674592972885e+00,-2.648312706872599787e+00
-6.706056673925062661e-01,7.882935053319114482e-01,8.899335213130149524e-01,-1.320258222616513599e+00,-2.195050234520153687e+00
-1.502206528133733121e+00,7.971602267132411601e-01,2.379409962492355923e-01,-1.639585081401668365e+00,-1.084498987978621098e+00
-1.131924645054164458e+00,1.208115469607591086e+00,5.635768064747466166e-01,-2.043685397963670880e+00,-9.538928651921347868e-01
-1.357261236704198293e+00,-3.777138835980956566e-01,5.477500703817301808e-01,-4.829474838374846479e-01,-1.808300976962398332e+00
-1.083169193002025743e+00,1.249434703638093586e-01,-1.703275247470099618e-01,-4.635633356151628859e-01,-1.326064873137975164e+00
-1.501978901189092719e+00,6.201439587602709524e-01,1.244645949276023122e+00,-7.084307966000337187e-01,-1.130126114307923979e+00
-1.187164134491661027e+00,2.702514653968842162e-01,1.260329740024231260e+00,-8.529425058171395957e-01,-1.510220003400802868e+00
-2.392942025229801220e-02,4.973405989778789671e-01,7.918499620594108279e-01,-1.809037020395897866e+00,-1.861677813887766320e+00
3.760353554111247609e-01,1.419371523592610762e+00,7.364645518324138829e-01,-1.476737042469264294e+00,-1.866709688003144629e+00
-1.703699895637007078e+00,4.930847238401742105e-01,6.667791945820837896e-01,-4.075531050925825793e-01,-1.555920484502034462e+00
-1.724760535196362687e-01,4.466163812612282680e-01,9.541035025580244522e-01,-1.181859419331688033e+00,-2.321064454167671265e+00
-8.593849691732644569e-01,-2.408750042268545111e-01,7.779079135119274513e-01,-1.151194745966329203e+00,-1.904699546941580390e+00
0.000000000000000000e+00,0.000000000000000000e+00,0.000000000000000000e+00,0.000000000000000000e+00,0.000000000000000000e+00
-1.152658113975575160e+00,1.189244000289658848e-01,7.312947911837823778e-01,-1.200983010009968988e+00,-5.763844154722496116e-01
0.000000000000000000e+00,0.000000000000000000e+00,0.000000000000000000e+00,0.000000000000000000e+00,0.000000000000000000e+00
7.705334985668163550e-02,7.585372381976736023e-01,1.340586171649438718e+00,-5.137865411735337284e-01,-1.468963524564242729e+00
-1.242697473679953868e+00,4.883121456321847242e-01,9.426710946267246038e-01,1.691370906476334646e-02,-1.374902213955401020e+00
-1.075627421719683730e+00,-7.898935133922220519e-02,1.595335961776366718e+00,-4.956341472750467880e-01,-1.790735617426333581e+00
-7.719296387051810537e-01,3.645432718373650682e-01,9.794169373658800914e-01,-1.239178866491053688e+00,-1.992849124432364283e+00
-1.080488097807108971e+00,1.696252824628420752e+00,1.031021508948265941e+00,-3.215534532768635767e-01,-7.546631576618820780e-01
-7.120085050652014136e-01,5.890934400325420484e-01,1.118284907378224169e+00,-7.293163392636654585e-01,-1.477941566125158701e+00
6.162268787014619775e-01,-7.437908799474163279e-01,1.285635423463477922e+00,-7.671702819060899348e-01,-2.689889398721609037e+00
-9.411361699946814152e-01,-1.112673554874592657e-01,9.872500891430380232e-01,-1.075393641784201604e+00,-2.004706436894066801e+00
-9.638700867485291979e-02,3.700039820234615195e-01,5.870594954346644023e-01,-1.662756006333330649e+00,-1.421276852354560472e+00
-1.257376689627671462e+00,6.645484494489551919e-01,9.984064042370546233e-01,-1.972610593109277999e-01,-1.352390802590798469e+00
-4.282427118551476175e-01,1.761142749059216653e-02,1.461500033781902852e-01,-1.424377365252414096e+00,-1.398856450109999816e+00
-2.394996444747231890e-01,4.492593010600449688e-01,1.064899039898568711e+00,-8.666085011242764535e-01,-1.847058067853505792e+00
-8.847450454801654152e-01,1.225175484599871689e+00,8.044404063807752969e-01,-1.221041973112895196e+00,-1.975313513914763286e+00
5.888557770062642360e-01,6.817801029321207684e-01,8.220181900207126358e-01,-9.777644666914604432e-01,-2.443441897882265845e+00
-8.792273628616895653e-01,7.029803693354427230e-01,2.640169307783096220e-01,-1.265202477925595259e+00,-1.369904189524190574e+00
2.420773395963076446e-01,1.385099913199276056e+00,8.356118290385454728e-01,-9.527940768680097650e-01,-2.103677885165550432e+00
-5.912296508828228658e-01,3.363283944407911563e-01,1.105370707259850649e+00,-8.301721808909525713e-01,-1.685390332089827581e+00
-1.760693976257245996e-01,1.088047464372885242e+00,1.822786452528494694e+00,-7.840962781691050987e-01,-2.145600288163492131e+00
-1.352003568455411697e+00,3.425330081388683334e-01,1.436873620581268884e+00,-7.518902058344497652e-01,-9.455080932798100024e-01
-9.785641322804599085e-01,5.498745722926464685e-01,6.416529662781570442e-01,-9.305904879705322319e-01,-1.957710435687232131e+00
-9.497479298118152169e-01,-7.329645737070789036e-02,1.213733351359264301e+00,1.047472330515975963e-01,-8.822091475416227180e-01
-6.440409482859822399e-01,6.245564143070679863e-01,5.586746979081514963e-01,-8.388387517684989803e-01,-1.324722191240434555e+00
-3.441821030865896414e-01,1.514960013229803781e+00,4.484371170229097259e-01,-1.579468621570597309e+00,-8.063378177879690911e-01
-2.479392924072087653e-02,4.897939105523813064e-01,1.629959809812081550e+00,-2.209872067402679774e-01,-1.717223504253642563e+00
-9.627045598503000123e-01,-2.918264904280716832e-01,1.617235645091662954e+00,-8.158029156444474017e-01,-1.659813257656222563e+00
-1.042225460438941154e+00,1.231407443512658517e+00,4.235056068373313498e-01,-1.260274134776960819e+00,-1.394439228121829411e+00
7.049037171673222524e-01,1.090020641591057382e+00,1.122992818044424856e+00,-3.775997069806587558e-01,-2.403718542760957533e+00
-9.785616293673183863e-01,2.034024539669903042e-01,6.949193142497067655e-01,2.410870281467153708e-01,-1.123839659037672023e+00
-1.348908244952546243e+00,7.727655232700997301e-01,1.130087356420386602e+00,-9.197584197995052335e-01,-1.352842004001266973e+00
-7.486709809849925179e-01,-5.176208432317360719e-01,5.339149630673333258e-01,-1.625463494783605745e+00,-1.258745797455664173e+00
-2.231070369716117718e-01,-1.603804629663940495e-01,7.557794355417843946e-01,1.557109578361751678e-01,-1.195940813119796275e-01
-1.106820207773595355e+00,2.549290310448533159e-01,1.466838274091080141e+00,-8.402091405307706706e-01,-1.129330146536885904e+00
-1.732631057389108498e-02,1.101767342433939145e+00,1.305820429866594745e+00,-1.467126796950611656e+00,-1.835832119662961004e+00
-8.961280248703280826e-02,4.152866650474533183e-01,1.673089815528943758e+00,-1.005809673702478868e+00,-1.994174963053987115e+00
-6.938911100094018458e-01,8.103907007355016789e-01,6.300098847399230317e-01,-1.025052934533447146e+00,-2.249193381867957253e+00
-4.642123740066245868e-02,-5.378132095074552588e-01,3.019845009144903614e-01,-1.035527212822760612e+00,-1.416809891673181943e+00
-1.232892250009624963e-01,2.977626951388744336e-01,1.433818722961443415e+00,-8.549860493024744601e-01,-1.608415263739841450e+00
2.396922246382550414e-01,-1.074728109034148310e-01,1.584098042017514807e+00,-8.039927489204291566e-01,-2.506268645607318657e+00
2.483959681918626039e-01,1.262674685158470811e-01,1.357572024229100727e+00,3.470991996162831050e-01,-1.468338233399851367e+00
-7.772264598290338222e-01,1.123222364990066890e-01,1.378188125317882928e+00,-1.924333478831560473e+00,-1.894768237645092279e+00
-2.734589982175006373e-01,6.325669654533166986e-01,1.162469430740359355e+00,-8.225991165127019000e-01,-2.233035110560379177e+00
-2.969282141301247124e-01,-5.300649963957262401e-01,1.048944796927953282e+00,-1.346469098941260212e+00,-1.168010359729854120e+00
-8.355424505961336346e-01,4.244392077386207052e-01,4.263895856951370189e-01,1.667122554701059856e-01,-1.543921782188025782e+00
1.312658846907769905e-01,3.769488896817811407e-01,7.117161983691475680e-01,1.710127660008458339e-01,-2.947064102692587007e+00
-5.314511691755252620e-01,1.285491869723482505e+00,-5.358492258236287054e-01,-1.220480122151941904e+00,-3.253082696195506163e+00
8.987262028457592145e-01,6.124834907487932689e-01,1.881970551724853280e+00,1.307444731307607320e-02,-2.233697867312624208e+00
-2.857033306352788071e-01,6.883865999202127828e-01,7.764151928021202353e-01,-1.763218951094148307e-02,-2.482715974191401553e+00
-5.507853944212873776e-01,2.945823011634264854e-01,1.373931569800248997e+00,-7.032365827884520249e-01,-1.750874937337379089e+00
1.098658010937290062e-02,1.285493540849147909e+00,4.637331089496968262e-01,-4.324215574398740380e-01,-2.788401511104494190e+00
4.431762477660420307e-01,1.834437728092639108e-01,1.377971092061117009e+00,-7.381475946540091426e-01,-2.272331238726551295e+00
-1.020568297486841580e-01,1.161873216778696483e+00,-3.819212975344020156e-01,-4.651516155184913792e-01,-1.616003533955530314e+00
0.000000000000000000e+00,0.000000000000000000e+00,0.000000000000000000e+00,0.000000000000000000e+00,0.000000000000000000e+00
-1.804162413725868053e+00,2.890415374782807634e-01,6.774350008302262305e-01,-1.693442924614090295e+00,-9.622771363853884763e-01
7.884837446911712178e-01,1.123993628501331221e+00,1.381438879545713760e+00,-1.017423829944035935e-01,-5.366420887710713350e-01
